{"v":"4.8.0","meta":{"g":"LottieFiles AE 3.2.2","a":"","k":"","d":"","tc":""},"fr":29.9700012207031,"ip":0,"op":90.0000036657751,"w":667,"h":72,"nm":"14*2","ddd":0,"assets":[{"id":"comp_0","layers":[{"ddd":0,"ind":1,"ty":0,"nm":"cross","refId":"comp_1","sr":1,"ks":{"o":{"a":0,"k":100,"ix":11},"r":{"a":0,"k":0,"ix":10},"p":{"a":0,"k":[22,15.5,0],"ix":2},"a":{"a":0,"k":[14,14,0],"ix":1},"s":{"a":0,"k":[100,100,100],"ix":6}},"ao":0,"w":28,"h":28,"ip":0,"op":300.00001221925,"st":0,"bm":0},{"ddd":0,"ind":2,"ty":0,"nm":"cross","refId":"comp_1","sr":1,"ks":{"o":{"a":0,"k":100,"ix":11},"r":{"a":0,"k":0,"ix":10},"p":{"a":0,"k":[70,15.5,0],"ix":2},"a":{"a":0,"k":[14,14,0],"ix":1},"s":{"a":0,"k":[100,100,100],"ix":6}},"ao":0,"w":28,"h":28,"ip":0,"op":300.00001221925,"st":0,"bm":0},{"ddd":0,"ind":3,"ty":0,"nm":"cross","refId":"comp_1","sr":1,"ks":{"o":{"a":0,"k":100,"ix":11},"r":{"a":0,"k":0,"ix":10},"p":{"a":0,"k":[118,15.5,0],"ix":2},"a":{"a":0,"k":[14,14,0],"ix":1},"s":{"a":0,"k":[100,100,100],"ix":6}},"ao":0,"w":28,"h":28,"ip":0,"op":300.00001221925,"st":0,"bm":0},{"ddd":0,"ind":4,"ty":0,"nm":"cross","refId":"comp_1","sr":1,"ks":{"o":{"a":0,"k":100,"ix":11},"r":{"a":0,"k":0,"ix":10},"p":{"a":0,"k":[166,15.5,0],"ix":2},"a":{"a":0,"k":[14,14,0],"ix":1},"s":{"a":0,"k":[100,100,100],"ix":6}},"ao":0,"w":28,"h":28,"ip":0,"op":300.00001221925,"st":0,"bm":0},{"ddd":0,"ind":5,"ty":0,"nm":"cross","refId":"comp_1","sr":1,"ks":{"o":{"a":0,"k":100,"ix":11},"r":{"a":0,"k":0,"ix":10},"p":{"a":0,"k":[214,15.5,0],"ix":2},"a":{"a":0,"k":[14,14,0],"ix":1},"s":{"a":0,"k":[100,100,100],"ix":6}},"ao":0,"w":28,"h":28,"ip":0,"op":300.00001221925,"st":0,"bm":0},{"ddd":0,"ind":6,"ty":0,"nm":"cross","refId":"comp_1","sr":1,"ks":{"o":{"a":0,"k":100,"ix":11},"r":{"a":0,"k":0,"ix":10},"p":{"a":0,"k":[262,15.5,0],"ix":2},"a":{"a":0,"k":[14,14,0],"ix":1},"s":{"a":0,"k":[100,100,100],"ix":6}},"ao":0,"w":28,"h":28,"ip":0,"op":300.00001221925,"st":0,"bm":0},{"ddd":0,"ind":7,"ty":0,"nm":"cross","refId":"comp_1","sr":1,"ks":{"o":{"a":0,"k":100,"ix":11},"r":{"a":0,"k":0,"ix":10},"p":{"a":0,"k":[310,15.5,0],"ix":2},"a":{"a":0,"k":[14,14,0],"ix":1},"s":{"a":0,"k":[100,100,100],"ix":6}},"ao":0,"w":28,"h":28,"ip":0,"op":300.00001221925,"st":0,"bm":0},{"ddd":0,"ind":8,"ty":0,"nm":"cross","refId":"comp_1","sr":1,"ks":{"o":{"a":0,"k":100,"ix":11},"r":{"a":0,"k":0,"ix":10},"p":{"a":0,"k":[358,15.5,0],"ix":2},"a":{"a":0,"k":[14,14,0],"ix":1},"s":{"a":0,"k":[100,100,100],"ix":6}},"ao":0,"w":28,"h":28,"ip":0,"op":300.00001221925,"st":0,"bm":0},{"ddd":0,"ind":9,"ty":0,"nm":"cross","refId":"comp_1","sr":1,"ks":{"o":{"a":0,"k":100,"ix":11},"r":{"a":0,"k":0,"ix":10},"p":{"a":0,"k":[406,15.5,0],"ix":2},"a":{"a":0,"k":[14,14,0],"ix":1},"s":{"a":0,"k":[100,100,100],"ix":6}},"ao":0,"w":28,"h":28,"ip":0,"op":300.00001221925,"st":0,"bm":0},{"ddd":0,"ind":10,"ty":0,"nm":"cross","refId":"comp_1","sr":1,"ks":{"o":{"a":0,"k":100,"ix":11},"r":{"a":0,"k":0,"ix":10},"p":{"a":0,"k":[454,15.5,0],"ix":2},"a":{"a":0,"k":[14,14,0],"ix":1},"s":{"a":0,"k":[100,100,100],"ix":6}},"ao":0,"w":28,"h":28,"ip":0,"op":300.00001221925,"st":0,"bm":0},{"ddd":0,"ind":11,"ty":0,"nm":"cross","refId":"comp_1","sr":1,"ks":{"o":{"a":0,"k":100,"ix":11},"r":{"a":0,"k":0,"ix":10},"p":{"a":0,"k":[502,15.5,0],"ix":2},"a":{"a":0,"k":[14,14,0],"ix":1},"s":{"a":0,"k":[100,100,100],"ix":6}},"ao":0,"w":28,"h":28,"ip":0,"op":300.00001221925,"st":0,"bm":0},{"ddd":0,"ind":12,"ty":0,"nm":"cross","refId":"comp_1","sr":1,"ks":{"o":{"a":0,"k":100,"ix":11},"r":{"a":0,"k":0,"ix":10},"p":{"a":0,"k":[550,15.5,0],"ix":2},"a":{"a":0,"k":[14,14,0],"ix":1},"s":{"a":0,"k":[100,100,100],"ix":6}},"ao":0,"w":28,"h":28,"ip":0,"op":300.00001221925,"st":0,"bm":0},{"ddd":0,"ind":13,"ty":0,"nm":"cross","refId":"comp_1","sr":1,"ks":{"o":{"a":0,"k":100,"ix":11},"r":{"a":0,"k":0,"ix":10},"p":{"a":0,"k":[598,15.5,0],"ix":2},"a":{"a":0,"k":[14,14,0],"ix":1},"s":{"a":0,"k":[100,100,100],"ix":6}},"ao":0,"w":28,"h":28,"ip":0,"op":300.00001221925,"st":0,"bm":0},{"ddd":0,"ind":14,"ty":0,"nm":"cross","refId":"comp_1","sr":1,"ks":{"o":{"a":0,"k":100,"ix":11},"r":{"a":0,"k":0,"ix":10},"p":{"a":0,"k":[646,15.5,0],"ix":2},"a":{"a":0,"k":[14,14,0],"ix":1},"s":{"a":0,"k":[100,100,100],"ix":6}},"ao":0,"w":28,"h":28,"ip":0,"op":300.00001221925,"st":0,"bm":0},{"ddd":0,"ind":15,"ty":0,"nm":"cross","refId":"comp_1","sr":1,"ks":{"o":{"a":0,"k":100,"ix":11},"r":{"a":0,"k":0,"ix":10},"p":{"a":0,"k":[694,15.5,0],"ix":2},"a":{"a":0,"k":[14,14,0],"ix":1},"s":{"a":0,"k":[100,100,100],"ix":6}},"ao":0,"w":28,"h":28,"ip":0,"op":300.00001221925,"st":0,"bm":0},{"ddd":0,"ind":16,"ty":0,"nm":"cross","refId":"comp_1","sr":1,"ks":{"o":{"a":0,"k":100,"ix":11},"r":{"a":0,"k":0,"ix":10},"p":{"a":0,"k":[742,15.5,0],"ix":2},"a":{"a":0,"k":[14,14,0],"ix":1},"s":{"a":0,"k":[100,100,100],"ix":6}},"ao":0,"w":28,"h":28,"ip":0,"op":300.00001221925,"st":0,"bm":0},{"ddd":0,"ind":17,"ty":0,"nm":"cross","refId":"comp_1","sr":1,"ks":{"o":{"a":0,"k":100,"ix":11},"r":{"a":0,"k":0,"ix":10},"p":{"a":0,"k":[790,15.5,0],"ix":2},"a":{"a":0,"k":[14,14,0],"ix":1},"s":{"a":0,"k":[100,100,100],"ix":6}},"ao":0,"w":28,"h":28,"ip":0,"op":300.00001221925,"st":0,"bm":0},{"ddd":0,"ind":18,"ty":0,"nm":"cross","refId":"comp_1","sr":1,"ks":{"o":{"a":0,"k":100,"ix":11},"r":{"a":0,"k":0,"ix":10},"p":{"a":0,"k":[838,15.5,0],"ix":2},"a":{"a":0,"k":[14,14,0],"ix":1},"s":{"a":0,"k":[100,100,100],"ix":6}},"ao":0,"w":28,"h":28,"ip":0,"op":300.00001221925,"st":0,"bm":0},{"ddd":0,"ind":19,"ty":0,"nm":"cross","refId":"comp_1","sr":1,"ks":{"o":{"a":0,"k":100,"ix":11},"r":{"a":0,"k":0,"ix":10},"p":{"a":0,"k":[886,15.5,0],"ix":2},"a":{"a":0,"k":[14,14,0],"ix":1},"s":{"a":0,"k":[100,100,100],"ix":6}},"ao":0,"w":28,"h":28,"ip":0,"op":300.00001221925,"st":0,"bm":0},{"ddd":0,"ind":20,"ty":0,"nm":"cross","refId":"comp_1","sr":1,"ks":{"o":{"a":0,"k":100,"ix":11},"r":{"a":0,"k":0,"ix":10},"p":{"a":0,"k":[934,15.5,0],"ix":2},"a":{"a":0,"k":[14,14,0],"ix":1},"s":{"a":0,"k":[100,100,100],"ix":6}},"ao":0,"w":28,"h":28,"ip":0,"op":300.00001221925,"st":0,"bm":0},{"ddd":0,"ind":21,"ty":0,"nm":"cross","refId":"comp_1","sr":1,"ks":{"o":{"a":0,"k":100,"ix":11},"r":{"a":0,"k":0,"ix":10},"p":{"a":0,"k":[1030,15.5,0],"ix":2},"a":{"a":0,"k":[14,14,0],"ix":1},"s":{"a":0,"k":[100,100,100],"ix":6}},"ao":0,"w":28,"h":28,"ip":0,"op":300.00001221925,"st":0,"bm":0},{"ddd":0,"ind":22,"ty":0,"nm":"cross","refId":"comp_1","sr":1,"ks":{"o":{"a":0,"k":100,"ix":11},"r":{"a":0,"k":0,"ix":10},"p":{"a":0,"k":[982,15.5,0],"ix":2},"a":{"a":0,"k":[14,14,0],"ix":1},"s":{"a":0,"k":[100,100,100],"ix":6}},"ao":0,"w":28,"h":28,"ip":0,"op":300.00001221925,"st":0,"bm":0},{"ddd":0,"ind":23,"ty":0,"nm":"cross","refId":"comp_1","sr":1,"ks":{"o":{"a":0,"k":100,"ix":11},"r":{"a":0,"k":0,"ix":10},"p":{"a":0,"k":[1078,15.5,0],"ix":2},"a":{"a":0,"k":[14,14,0],"ix":1},"s":{"a":0,"k":[100,100,100],"ix":6}},"ao":0,"w":28,"h":28,"ip":0,"op":300.00001221925,"st":0,"bm":0},{"ddd":0,"ind":24,"ty":0,"nm":"cross","refId":"comp_1","sr":1,"ks":{"o":{"a":0,"k":100,"ix":11},"r":{"a":0,"k":0,"ix":10},"p":{"a":0,"k":[1126,15.5,0],"ix":2},"a":{"a":0,"k":[14,14,0],"ix":1},"s":{"a":0,"k":[100,100,100],"ix":6}},"ao":0,"w":28,"h":28,"ip":0,"op":300.00001221925,"st":0,"bm":0},{"ddd":0,"ind":25,"ty":0,"nm":"cross","refId":"comp_1","sr":1,"ks":{"o":{"a":0,"k":100,"ix":11},"r":{"a":0,"k":0,"ix":10},"p":{"a":0,"k":[1174,15.5,0],"ix":2},"a":{"a":0,"k":[14,14,0],"ix":1},"s":{"a":0,"k":[100,100,100],"ix":6}},"ao":0,"w":28,"h":28,"ip":0,"op":300.00001221925,"st":0,"bm":0},{"ddd":0,"ind":26,"ty":0,"nm":"cross","refId":"comp_1","sr":1,"ks":{"o":{"a":0,"k":100,"ix":11},"r":{"a":0,"k":0,"ix":10},"p":{"a":0,"k":[1222,15.5,0],"ix":2},"a":{"a":0,"k":[14,14,0],"ix":1},"s":{"a":0,"k":[100,100,100],"ix":6}},"ao":0,"w":28,"h":28,"ip":0,"op":300.00001221925,"st":0,"bm":0},{"ddd":0,"ind":27,"ty":0,"nm":"cross","refId":"comp_1","sr":1,"ks":{"o":{"a":0,"k":100,"ix":11},"r":{"a":0,"k":0,"ix":10},"p":{"a":0,"k":[1270,15.5,0],"ix":2},"a":{"a":0,"k":[14,14,0],"ix":1},"s":{"a":0,"k":[100,100,100],"ix":6}},"ao":0,"w":28,"h":28,"ip":0,"op":300.00001221925,"st":0,"bm":0},{"ddd":0,"ind":28,"ty":0,"nm":"cross","refId":"comp_1","sr":1,"ks":{"o":{"a":0,"k":100,"ix":11},"r":{"a":0,"k":0,"ix":10},"p":{"a":0,"k":[1318,15.5,0],"ix":2},"a":{"a":0,"k":[14,14,0],"ix":1},"s":{"a":0,"k":[100,100,100],"ix":6}},"ao":0,"w":28,"h":28,"ip":0,"op":300.00001221925,"st":0,"bm":0},{"ddd":0,"ind":29,"ty":0,"nm":"cross","refId":"comp_1","sr":1,"ks":{"o":{"a":0,"k":100,"ix":11},"r":{"a":0,"k":0,"ix":10},"p":{"a":0,"k":[1366,15.5,0],"ix":2},"a":{"a":0,"k":[14,14,0],"ix":1},"s":{"a":0,"k":[100,100,100],"ix":6}},"ao":0,"w":28,"h":28,"ip":0,"op":300.00001221925,"st":0,"bm":0},{"ddd":0,"ind":30,"ty":0,"nm":"cross","refId":"comp_1","sr":1,"ks":{"o":{"a":0,"k":100,"ix":11},"r":{"a":0,"k":0,"ix":10},"p":{"a":0,"k":[1414,15.5,0],"ix":2},"a":{"a":0,"k":[14,14,0],"ix":1},"s":{"a":0,"k":[100,100,100],"ix":6}},"ao":0,"w":28,"h":28,"ip":0,"op":300.00001221925,"st":0,"bm":0}]},{"id":"comp_1","layers":[{"ddd":0,"ind":1,"ty":4,"nm":"Calque 1 Outlines","sr":1,"ks":{"o":{"a":0,"k":100,"ix":11},"r":{"a":0,"k":0,"ix":10},"p":{"a":0,"k":[14,14,0],"ix":2},"a":{"a":0,"k":[14.5,14.5,0],"ix":1},"s":{"a":0,"k":[100,100,100],"ix":6}},"ao":0,"shapes":[{"ty":"gr","it":[{"ind":0,"ty":"sh","ix":1,"ks":{"a":0,"k":{"i":[[0,0],[0,0]],"o":[[0,0],[0,0]],"v":[[20.5,14],[28.5,14]],"c":false},"ix":2},"nm":"Path 1","mn":"ADBE Vector Shape - Group","hd":false},{"ty":"st","c":{"a":0,"k":[0,0,0,1],"ix":3},"o":{"a":0,"k":100,"ix":4},"w":{"a":0,"k":1,"ix":5},"lc":1,"lj":1,"ml":4,"bm":0,"nm":"Stroke 1","mn":"ADBE Vector Graphic - Stroke","hd":false},{"ty":"tr","p":{"a":0,"k":[20.439,13.827],"ix":2},"a":{"a":0,"k":[20.439,13.827],"ix":1},"s":{"a":1,"k":[{"i":{"x":[0.667,0.667],"y":[1,1]},"o":{"x":[0.167,0.167],"y":[0.083,0]},"t":0,"s":[0,100]},{"t":15.0000006109625,"s":[100,100]}],"ix":3},"r":{"a":0,"k":0,"ix":6},"o":{"a":0,"k":100,"ix":7},"sk":{"a":0,"k":0,"ix":4},"sa":{"a":0,"k":0,"ix":5},"nm":"Transform"}],"nm":"Group 1","np":2,"cix":2,"bm":0,"ix":1,"mn":"ADBE Vector Group","hd":false},{"ty":"gr","it":[{"ind":0,"ty":"sh","ix":1,"ks":{"a":0,"k":{"i":[[0,0],[0,0]],"o":[[0,0],[0,0]],"v":[[0.5,14],[8.5,14]],"c":false},"ix":2},"nm":"Path 1","mn":"ADBE Vector Shape - Group","hd":false},{"ty":"st","c":{"a":0,"k":[0,0,0,1],"ix":3},"o":{"a":0,"k":100,"ix":4},"w":{"a":0,"k":1,"ix":5},"lc":1,"lj":1,"ml":4,"bm":0,"nm":"Stroke 1","mn":"ADBE Vector Graphic - Stroke","hd":false},{"ty":"tr","p":{"a":0,"k":[8.582,14.083],"ix":2},"a":{"a":0,"k":[8.582,14.083],"ix":1},"s":{"a":1,"k":[{"i":{"x":[0.667,0.667],"y":[1,1]},"o":{"x":[0.167,0.167],"y":[0.083,0]},"t":0,"s":[0,100]},{"t":15.0000006109625,"s":[100,100]}],"ix":3},"r":{"a":0,"k":0,"ix":6},"o":{"a":0,"k":100,"ix":7},"sk":{"a":0,"k":0,"ix":4},"sa":{"a":0,"k":0,"ix":5},"nm":"Transform"}],"nm":"Group 2","np":2,"cix":2,"bm":0,"ix":2,"mn":"ADBE Vector Group","hd":false},{"ty":"gr","it":[{"ind":0,"ty":"sh","ix":1,"ks":{"a":0,"k":{"i":[[0,0],[0,0]],"o":[[0,0],[0,0]],"v":[[14,28.5],[14,20.5]],"c":false},"ix":2},"nm":"Path 1","mn":"ADBE Vector Shape - Group","hd":false},{"ty":"st","c":{"a":0,"k":[0,0,0,1],"ix":3},"o":{"a":0,"k":100,"ix":4},"w":{"a":0,"k":1,"ix":5},"lc":1,"lj":1,"ml":4,"bm":0,"nm":"Stroke 1","mn":"ADBE Vector Graphic - Stroke","hd":false},{"ty":"tr","p":{"a":0,"k":[14.108,20.215],"ix":2},"a":{"a":0,"k":[14.108,20.215],"ix":1},"s":{"a":1,"k":[{"i":{"x":[0.667,0.667],"y":[1,1]},"o":{"x":[0.167,0.167],"y":[0,0.083]},"t":0,"s":[100,0]},{"t":15.0000006109625,"s":[100,100]}],"ix":3},"r":{"a":0,"k":0,"ix":6},"o":{"a":0,"k":100,"ix":7},"sk":{"a":0,"k":0,"ix":4},"sa":{"a":0,"k":0,"ix":5},"nm":"Transform"}],"nm":"Group 3","np":2,"cix":2,"bm":0,"ix":3,"mn":"ADBE Vector Group","hd":false},{"ty":"gr","it":[{"ind":0,"ty":"sh","ix":1,"ks":{"a":0,"k":{"i":[[0,0],[0,0]],"o":[[0,0],[0,0]],"v":[[14,8.5],[14,0.5]],"c":false},"ix":2},"nm":"Path 1","mn":"ADBE Vector Shape - Group","hd":false},{"ty":"st","c":{"a":0,"k":[0,0,0,1],"ix":3},"o":{"a":0,"k":100,"ix":4},"w":{"a":0,"k":1,"ix":5},"lc":1,"lj":1,"ml":4,"bm":0,"nm":"Stroke 1","mn":"ADBE Vector Graphic - Stroke","hd":false},{"ty":"tr","p":{"a":0,"k":[13.921,8.698],"ix":2},"a":{"a":0,"k":[13.921,8.698],"ix":1},"s":{"a":1,"k":[{"i":{"x":[0.667,0.667],"y":[1,1]},"o":{"x":[0.167,0.167],"y":[0,0.083]},"t":0,"s":[100,0]},{"t":15.0000006109625,"s":[100,100]}],"ix":3},"r":{"a":0,"k":0,"ix":6},"o":{"a":0,"k":100,"ix":7},"sk":{"a":0,"k":0,"ix":4},"sa":{"a":0,"k":0,"ix":5},"nm":"Transform"}],"nm":"Group 4","np":2,"cix":2,"bm":0,"ix":4,"mn":"ADBE Vector Group","hd":false}],"ip":0,"op":300.00001221925,"st":0,"bm":0}]}],"layers":[{"ddd":0,"ind":1,"ty":0,"nm":"Master_30*2","refId":"comp_0","sr":1,"ks":{"o":{"a":0,"k":100,"ix":11},"r":{"a":0,"k":0,"ix":10},"p":{"a":0,"k":[720,58.5,0],"ix":2},"a":{"a":0,"k":[720,15.5,0],"ix":1},"s":{"a":0,"k":[100,100,100],"ix":6}},"ao":0,"ef":[{"ty":21,"nm":"Fill","np":9,"mn":"ADBE Fill","ix":1,"en":1,"ef":[{"ty":10,"nm":"Fill Mask","mn":"ADBE Fill-0001","ix":1,"v":{"a":0,"k":0,"ix":1}},{"ty":7,"nm":"All Masks","mn":"ADBE Fill-0007","ix":2,"v":{"a":0,"k":0,"ix":2}},{"ty":2,"nm":"Color","mn":"ADBE Fill-0002","ix":3,"v":{"a":0,"k":[0.113725490868,0.113725490868,0.113725490868,1],"ix":3}},{"ty":7,"nm":"Invert","mn":"ADBE Fill-0006","ix":4,"v":{"a":0,"k":0,"ix":4}},{"ty":0,"nm":"Horizontal Feather","mn":"ADBE Fill-0003","ix":5,"v":{"a":0,"k":0,"ix":5}},{"ty":0,"nm":"Vertical Feather","mn":"ADBE Fill-0004","ix":6,"v":{"a":0,"k":0,"ix":6}},{"ty":0,"nm":"Opacity","mn":"ADBE Fill-0005","ix":7,"v":{"a":0,"k":1,"ix":7}}]}],"w":1440,"h":31,"ip":10.0000004073083,"op":100.000004073084,"st":10.0000004073083,"bm":0},{"ddd":0,"ind":2,"ty":0,"nm":"Master_30*2","refId":"comp_0","sr":1,"ks":{"o":{"a":0,"k":100,"ix":11},"r":{"a":0,"k":0,"ix":10},"p":{"a":0,"k":[720,14.5,0],"ix":2},"a":{"a":0,"k":[720,15.5,0],"ix":1},"s":{"a":0,"k":[100,100,100],"ix":6}},"ao":0,"ef":[{"ty":21,"nm":"Fill","np":9,"mn":"ADBE Fill","ix":1,"en":1,"ef":[{"ty":10,"nm":"Fill Mask","mn":"ADBE Fill-0001","ix":1,"v":{"a":0,"k":0,"ix":1}},{"ty":7,"nm":"All Masks","mn":"ADBE Fill-0007","ix":2,"v":{"a":0,"k":0,"ix":2}},{"ty":2,"nm":"Color","mn":"ADBE Fill-0002","ix":3,"v":{"a":0,"k":[0.113725490868,0.113725490868,0.113725490868,1],"ix":3}},{"ty":7,"nm":"Invert","mn":"ADBE Fill-0006","ix":4,"v":{"a":0,"k":0,"ix":4}},{"ty":0,"nm":"Horizontal Feather","mn":"ADBE Fill-0003","ix":5,"v":{"a":0,"k":0,"ix":5}},{"ty":0,"nm":"Vertical Feather","mn":"ADBE Fill-0004","ix":6,"v":{"a":0,"k":0,"ix":6}},{"ty":0,"nm":"Opacity","mn":"ADBE Fill-0005","ix":7,"v":{"a":0,"k":1,"ix":7}}]}],"w":1440,"h":31,"ip":0,"op":90.0000036657751,"st":0,"bm":0}],"markers":[]}