{"v":"4.8.0","meta":{"g":"LottieFiles AE 3.2.2","a":"","k":"","d":"","tc":""},"fr":29.9700012207031,"ip":0,"op":60.0000024438501,"w":28,"h":748,"nm":"Mobile Droite 2","ddd":0,"assets":[{"id":"comp_0","layers":[{"ddd":0,"ind":1,"ty":4,"nm":"Calque 1 Outlines","sr":1,"ks":{"o":{"a":0,"k":100,"ix":11},"r":{"a":0,"k":0,"ix":10},"p":{"a":0,"k":[14,14,0],"ix":2},"a":{"a":0,"k":[14.5,14.5,0],"ix":1},"s":{"a":0,"k":[100,100,100],"ix":6}},"ao":0,"shapes":[{"ty":"gr","it":[{"ind":0,"ty":"sh","ix":1,"ks":{"a":0,"k":{"i":[[0,0],[0,0]],"o":[[0,0],[0,0]],"v":[[20.5,14],[28.5,14]],"c":false},"ix":2},"nm":"Path 1","mn":"ADBE Vector Shape - Group","hd":false},{"ty":"st","c":{"a":0,"k":[0,0,0,1],"ix":3},"o":{"a":0,"k":100,"ix":4},"w":{"a":0,"k":1,"ix":5},"lc":1,"lj":1,"ml":4,"bm":0,"nm":"Stroke 1","mn":"ADBE Vector Graphic - Stroke","hd":false},{"ty":"tr","p":{"a":0,"k":[20.439,13.827],"ix":2},"a":{"a":0,"k":[20.439,13.827],"ix":1},"s":{"a":1,"k":[{"i":{"x":[0.667,0.667],"y":[1,1]},"o":{"x":[0.167,0.167],"y":[0.083,0]},"t":0,"s":[0,100]},{"t":15.0000006109625,"s":[100,100]}],"ix":3},"r":{"a":0,"k":0,"ix":6},"o":{"a":0,"k":100,"ix":7},"sk":{"a":0,"k":0,"ix":4},"sa":{"a":0,"k":0,"ix":5},"nm":"Transform"}],"nm":"Group 1","np":2,"cix":2,"bm":0,"ix":1,"mn":"ADBE Vector Group","hd":false},{"ty":"gr","it":[{"ind":0,"ty":"sh","ix":1,"ks":{"a":0,"k":{"i":[[0,0],[0,0]],"o":[[0,0],[0,0]],"v":[[0.5,14],[8.5,14]],"c":false},"ix":2},"nm":"Path 1","mn":"ADBE Vector Shape - Group","hd":false},{"ty":"st","c":{"a":0,"k":[0,0,0,1],"ix":3},"o":{"a":0,"k":100,"ix":4},"w":{"a":0,"k":1,"ix":5},"lc":1,"lj":1,"ml":4,"bm":0,"nm":"Stroke 1","mn":"ADBE Vector Graphic - Stroke","hd":false},{"ty":"tr","p":{"a":0,"k":[8.582,14.083],"ix":2},"a":{"a":0,"k":[8.582,14.083],"ix":1},"s":{"a":1,"k":[{"i":{"x":[0.667,0.667],"y":[1,1]},"o":{"x":[0.167,0.167],"y":[0.083,0]},"t":0,"s":[0,100]},{"t":15.0000006109625,"s":[100,100]}],"ix":3},"r":{"a":0,"k":0,"ix":6},"o":{"a":0,"k":100,"ix":7},"sk":{"a":0,"k":0,"ix":4},"sa":{"a":0,"k":0,"ix":5},"nm":"Transform"}],"nm":"Group 2","np":2,"cix":2,"bm":0,"ix":2,"mn":"ADBE Vector Group","hd":false},{"ty":"gr","it":[{"ind":0,"ty":"sh","ix":1,"ks":{"a":0,"k":{"i":[[0,0],[0,0]],"o":[[0,0],[0,0]],"v":[[14,28.5],[14,20.5]],"c":false},"ix":2},"nm":"Path 1","mn":"ADBE Vector Shape - Group","hd":false},{"ty":"st","c":{"a":0,"k":[0,0,0,1],"ix":3},"o":{"a":0,"k":100,"ix":4},"w":{"a":0,"k":1,"ix":5},"lc":1,"lj":1,"ml":4,"bm":0,"nm":"Stroke 1","mn":"ADBE Vector Graphic - Stroke","hd":false},{"ty":"tr","p":{"a":0,"k":[14.108,20.215],"ix":2},"a":{"a":0,"k":[14.108,20.215],"ix":1},"s":{"a":1,"k":[{"i":{"x":[0.667,0.667],"y":[1,1]},"o":{"x":[0.167,0.167],"y":[0,0.083]},"t":0,"s":[100,0]},{"t":15.0000006109625,"s":[100,100]}],"ix":3},"r":{"a":0,"k":0,"ix":6},"o":{"a":0,"k":100,"ix":7},"sk":{"a":0,"k":0,"ix":4},"sa":{"a":0,"k":0,"ix":5},"nm":"Transform"}],"nm":"Group 3","np":2,"cix":2,"bm":0,"ix":3,"mn":"ADBE Vector Group","hd":false},{"ty":"gr","it":[{"ind":0,"ty":"sh","ix":1,"ks":{"a":0,"k":{"i":[[0,0],[0,0]],"o":[[0,0],[0,0]],"v":[[14,8.5],[14,0.5]],"c":false},"ix":2},"nm":"Path 1","mn":"ADBE Vector Shape - Group","hd":false},{"ty":"st","c":{"a":0,"k":[0,0,0,1],"ix":3},"o":{"a":0,"k":100,"ix":4},"w":{"a":0,"k":1,"ix":5},"lc":1,"lj":1,"ml":4,"bm":0,"nm":"Stroke 1","mn":"ADBE Vector Graphic - Stroke","hd":false},{"ty":"tr","p":{"a":0,"k":[13.921,8.698],"ix":2},"a":{"a":0,"k":[13.921,8.698],"ix":1},"s":{"a":1,"k":[{"i":{"x":[0.667,0.667],"y":[1,1]},"o":{"x":[0.167,0.167],"y":[0,0.083]},"t":0,"s":[100,0]},{"t":15.0000006109625,"s":[100,100]}],"ix":3},"r":{"a":0,"k":0,"ix":6},"o":{"a":0,"k":100,"ix":7},"sk":{"a":0,"k":0,"ix":4},"sa":{"a":0,"k":0,"ix":5},"nm":"Transform"}],"nm":"Group 4","np":2,"cix":2,"bm":0,"ix":4,"mn":"ADBE Vector Group","hd":false}],"ip":0,"op":300.00001221925,"st":0,"bm":0}]}],"layers":[{"ddd":0,"ind":1,"ty":0,"nm":"cross","refId":"comp_0","sr":1,"ks":{"o":{"a":0,"k":100,"ix":11},"r":{"a":0,"k":0,"ix":10},"p":{"a":0,"k":[14,734,0],"ix":2},"a":{"a":0,"k":[14,14,0],"ix":1},"s":{"a":0,"k":[100,100,100],"ix":6}},"ao":0,"w":28,"h":28,"ip":0,"op":300.00001221925,"st":0,"bm":0},{"ddd":0,"ind":2,"ty":0,"nm":"cross","refId":"comp_0","sr":1,"ks":{"o":{"a":0,"k":100,"ix":11},"r":{"a":0,"k":0,"ix":10},"p":{"a":0,"k":[14,686,0],"ix":2},"a":{"a":0,"k":[14,14,0],"ix":1},"s":{"a":0,"k":[100,100,100],"ix":6}},"ao":0,"w":28,"h":28,"ip":5.00000020365417,"op":305.000012422905,"st":5.00000020365417,"bm":0},{"ddd":0,"ind":3,"ty":0,"nm":"cross","refId":"comp_0","sr":1,"ks":{"o":{"a":0,"k":100,"ix":11},"r":{"a":0,"k":0,"ix":10},"p":{"a":0,"k":[14,638,0],"ix":2},"a":{"a":0,"k":[14,14,0],"ix":1},"s":{"a":0,"k":[100,100,100],"ix":6}},"ao":0,"w":28,"h":28,"ip":10.0000004073083,"op":310.000012626559,"st":10.0000004073083,"bm":0},{"ddd":0,"ind":4,"ty":0,"nm":"cross","refId":"comp_0","sr":1,"ks":{"o":{"a":0,"k":100,"ix":11},"r":{"a":0,"k":0,"ix":10},"p":{"a":0,"k":[14,590,0],"ix":2},"a":{"a":0,"k":[14,14,0],"ix":1},"s":{"a":0,"k":[100,100,100],"ix":6}},"ao":0,"w":28,"h":28,"ip":15.0000006109625,"op":315.000012830213,"st":15.0000006109625,"bm":0},{"ddd":0,"ind":5,"ty":0,"nm":"cross","refId":"comp_0","sr":1,"ks":{"o":{"a":0,"k":100,"ix":11},"r":{"a":0,"k":0,"ix":10},"p":{"a":0,"k":[14,542,0],"ix":2},"a":{"a":0,"k":[14,14,0],"ix":1},"s":{"a":0,"k":[100,100,100],"ix":6}},"ao":0,"w":28,"h":28,"ip":20.0000008146167,"op":320.000013033867,"st":20.0000008146167,"bm":0},{"ddd":0,"ind":6,"ty":0,"nm":"cross","refId":"comp_0","sr":1,"ks":{"o":{"a":0,"k":100,"ix":11},"r":{"a":0,"k":0,"ix":10},"p":{"a":0,"k":[14,494,0],"ix":2},"a":{"a":0,"k":[14,14,0],"ix":1},"s":{"a":0,"k":[100,100,100],"ix":6}},"ao":0,"w":28,"h":28,"ip":25.0000010182709,"op":325.000013237521,"st":25.0000010182709,"bm":0},{"ddd":0,"ind":7,"ty":0,"nm":"cross","refId":"comp_0","sr":1,"ks":{"o":{"a":0,"k":100,"ix":11},"r":{"a":0,"k":0,"ix":10},"p":{"a":0,"k":[14,446,0],"ix":2},"a":{"a":0,"k":[14,14,0],"ix":1},"s":{"a":0,"k":[100,100,100],"ix":6}},"ao":0,"w":28,"h":28,"ip":30.0000012219251,"op":330.000013441176,"st":30.0000012219251,"bm":0},{"ddd":0,"ind":8,"ty":0,"nm":"cross","refId":"comp_0","sr":1,"ks":{"o":{"a":0,"k":100,"ix":11},"r":{"a":0,"k":0,"ix":10},"p":{"a":0,"k":[14,398,0],"ix":2},"a":{"a":0,"k":[14,14,0],"ix":1},"s":{"a":0,"k":[100,100,100],"ix":6}},"ao":0,"w":28,"h":28,"ip":35.0000014255792,"op":335.00001364483,"st":35.0000014255792,"bm":0},{"ddd":0,"ind":9,"ty":0,"nm":"cross","refId":"comp_0","sr":1,"ks":{"o":{"a":0,"k":100,"ix":11},"r":{"a":0,"k":0,"ix":10},"p":{"a":0,"k":[14,350,0],"ix":2},"a":{"a":0,"k":[14,14,0],"ix":1},"s":{"a":0,"k":[100,100,100],"ix":6}},"ao":0,"w":28,"h":28,"ip":35.0000014255792,"op":335.00001364483,"st":35.0000014255792,"bm":0},{"ddd":0,"ind":10,"ty":0,"nm":"cross","refId":"comp_0","sr":1,"ks":{"o":{"a":0,"k":100,"ix":11},"r":{"a":0,"k":0,"ix":10},"p":{"a":0,"k":[14,302,0],"ix":2},"a":{"a":0,"k":[14,14,0],"ix":1},"s":{"a":0,"k":[100,100,100],"ix":6}},"ao":0,"w":28,"h":28,"ip":30.0000012219251,"op":330.000013441176,"st":30.0000012219251,"bm":0},{"ddd":0,"ind":11,"ty":0,"nm":"cross","refId":"comp_0","sr":1,"ks":{"o":{"a":0,"k":100,"ix":11},"r":{"a":0,"k":0,"ix":10},"p":{"a":0,"k":[14,254,0],"ix":2},"a":{"a":0,"k":[14,14,0],"ix":1},"s":{"a":0,"k":[100,100,100],"ix":6}},"ao":0,"w":28,"h":28,"ip":25.0000010182709,"op":325.000013237521,"st":25.0000010182709,"bm":0},{"ddd":0,"ind":12,"ty":0,"nm":"cross","refId":"comp_0","sr":1,"ks":{"o":{"a":0,"k":100,"ix":11},"r":{"a":0,"k":0,"ix":10},"p":{"a":0,"k":[14,206,0],"ix":2},"a":{"a":0,"k":[14,14,0],"ix":1},"s":{"a":0,"k":[100,100,100],"ix":6}},"ao":0,"w":28,"h":28,"ip":20.0000008146167,"op":320.000013033867,"st":20.0000008146167,"bm":0},{"ddd":0,"ind":13,"ty":0,"nm":"cross","refId":"comp_0","sr":1,"ks":{"o":{"a":0,"k":100,"ix":11},"r":{"a":0,"k":0,"ix":10},"p":{"a":0,"k":[14,158,0],"ix":2},"a":{"a":0,"k":[14,14,0],"ix":1},"s":{"a":0,"k":[100,100,100],"ix":6}},"ao":0,"w":28,"h":28,"ip":15.0000006109625,"op":315.000012830213,"st":15.0000006109625,"bm":0},{"ddd":0,"ind":14,"ty":0,"nm":"cross","refId":"comp_0","sr":1,"ks":{"o":{"a":0,"k":100,"ix":11},"r":{"a":0,"k":0,"ix":10},"p":{"a":0,"k":[14,110,0],"ix":2},"a":{"a":0,"k":[14,14,0],"ix":1},"s":{"a":0,"k":[100,100,100],"ix":6}},"ao":0,"w":28,"h":28,"ip":10.0000004073083,"op":310.000012626559,"st":10.0000004073083,"bm":0},{"ddd":0,"ind":15,"ty":0,"nm":"cross","refId":"comp_0","sr":1,"ks":{"o":{"a":0,"k":100,"ix":11},"r":{"a":0,"k":0,"ix":10},"p":{"a":0,"k":[14,62,0],"ix":2},"a":{"a":0,"k":[14,14,0],"ix":1},"s":{"a":0,"k":[100,100,100],"ix":6}},"ao":0,"w":28,"h":28,"ip":5.00000020365417,"op":305.000012422905,"st":5.00000020365417,"bm":0},{"ddd":0,"ind":16,"ty":0,"nm":"cross","refId":"comp_0","sr":1,"ks":{"o":{"a":0,"k":100,"ix":11},"r":{"a":0,"k":0,"ix":10},"p":{"a":0,"k":[14,14,0],"ix":2},"a":{"a":0,"k":[14,14,0],"ix":1},"s":{"a":0,"k":[100,100,100],"ix":6}},"ao":0,"w":28,"h":28,"ip":0,"op":300.00001221925,"st":0,"bm":0}],"markers":[]}